city,country,month,day,holiday,day_of_week,outlook,temperature,humidity,feel_humidity,wind,uses,complaints
Gordontown,Universitalia,March,9,No,Saturday,cloudy,16.65,38.76,comfortable,strong,5438,some
Robertburgh,Universitalia,January,7,No,Sunday,cloudy,7.4,45.23,comfortable,light,1803,very_few
Gordontown,Universitalia,July,13,No,Saturday,cloudy,29.99,45.63,comfortable,calm,8849,some
Robertburgh,Universitalia,February,9,No,Friday,cloudy,6.43,46.9,comfortable,light,1924,very_few
Gordontown,Universitalia,January,20,No,Sunday,cloudy,9.71,47.52,comfortable,moderate,3786,very_few
Robertburgh,Universitalia,March,27,No,Tuesday,cloudy,9.92,48.32,comfortable,light,1990,very_few
Gordontown,Universitalia,January,4,No,Friday,cloudy,4.36,48.61,comfortable,light,2829,very_few
Gordontown,Universitalia,February,10,No,Sunday,cloudy,11.38,49.65,comfortable,light,4577,very_few
Gordontown,Universitalia,November,7,No,Thursday,cloudy,12.48,50.93,comfortable,strong,6004,some
Gordontown,Universitalia,December,12,No,Thursday,cloudy,11.87,51.45,comfortable,light,6341,some
Gordontown,Universitalia,April,18,No,Thursday,cloudy,19.48,51.14,comfortable,light,5206,some
Robertburgh,Universitalia,June,9,No,Saturday,cloudy,32.48,53.5,comfortable,light,4633,very_few
Robertburgh,Universitalia,January,8,No,Monday,cloudy,6.39,52.71,comfortable,moderate,1148,very_few
Gordontown,Universitalia,March,30,No,Saturday,cloudy,15.55,53.27,comfortable,light,6475,some
Gordontown,Universitalia,February,19,No,Tuesday,cloudy,11.97,53.9,comfortable,moderate,3171,very_few
Gordontown,Universitalia,November,3,No,Sunday,cloudy,14.33,54.66,comfortable,strong,6072,some
Gordontown,Universitalia,April,28,No,Sunday,cloudy,15.78,53.52,comfortable,light,4946,very_few
Gordontown,Universitalia,February,14,No,Thursday,cloudy,13.13,55.16,comfortable,light,4684,very_few
Gordontown,Universitalia,November,1,No,Friday,cloudy,14.08,55.95,comfortable,light,7127,some
Gordontown,Universitalia,November,15,No,Friday,cloudy,12.54,56.04,comfortable,light,6504,some
Gordontown,Universitalia,March,3,No,Sunday,cloudy,16.88,57.41,humid,light,4774,very_few
Gordontown,Universitalia,August,24,No,Saturday,cloudy,28.33,57.51,comfortable,calm,8975,some
Robertburgh,Universitalia,December,17,No,Monday,cloudy,11.37,57.4,comfortable,moderate,3268,very_few
Robertburgh,Universitalia,February,4,No,Sunday,cloudy,9.96,58.15,comfortable,light,2045,very_few
Gordontown,Universitalia,December,31,No,Tuesday,cloudy,9.37,58.86,comfortable,light,3228,very_few
Robertburgh,Universitalia,December,20,No,Thursday,cloudy,16.37,57.46,comfortable,calm,4488,very_few
Robertburgh,Universitalia,January,15,No,Monday,cloudy,10.85,58.4,comfortable,light,1479,very_few
Robertburgh,Universitalia,January,17,Yes,Wednesday,cloudy,7.53,59.03,comfortable,light,1177,very_few
Gordontown,Universitalia,September,1,No,Sunday,cloudy,31.75,58.11,comfortable,light,7124,some
Robertburgh,Universitalia,December,16,No,Sunday,cloudy,14.01,58.77,comfortable,moderate,4289,very_few
Gordontown,Universitalia,December,21,No,Saturday,cloudy,12.3,59.1,comfortable,strong,4322,very_few
Gordontown,Universitalia,June,11,No,Tuesday,cloudy,29.96,60.36,comfortable,moderate,7900,some
Robertburgh,Universitalia,July,4,Yes,Wednesday,cloudy,29.32,60.48,comfortable,calm,6941,very_few
Robertburgh,Universitalia,March,4,No,Sunday,cloudy,10.08,60.12,humid,moderate,2317,very_few
Gordontown,Universitalia,December,28,No,Saturday,cloudy,10.58,61.02,comfortable,light,3641,very_few
Robertburgh,Universitalia,January,31,No,Wednesday,cloudy,6.07,61.58,humid,light,1807,very_few
Robertburgh,Universitalia,January,20,No,Saturday,cloudy,11.3,61.76,comfortable,moderate,2310,very_few
Gordontown,Universitalia,May,1,No,Wednesday,cloudy,24.93,61.5,humid,light,6837,some
Robertburgh,Universitalia,September,16,No,Sunday,cloudy,19.26,62.22,comfortable,light,5643,some
Robertburgh,Universitalia,October,28,No,Sunday,cloudy,14.07,61.08,comfortable,moderate,4454,very_few
Robertburgh,Universitalia,November,17,No,Saturday,cloudy,14.04,61.28,comfortable,strong,3638,very_few
Gordontown,Universitalia,April,1,No,Monday,cloudy,17.96,63.27,humid,light,7014,some
Robertburgh,Universitalia,February,21,Yes,Wednesday,cloudy,11.32,63.2,humid,strong,1304,very_few
Gordontown,Universitalia,November,13,No,Wednesday,cloudy,13.62,63.69,comfortable,strong,4875,very_few
Gordontown,Universitalia,November,19,No,Tuesday,cloudy,15.62,62.32,comfortable,moderate,6544,some
Robertburgh,Universitalia,November,15,No,Thursday,cloudy,21.3,63.63,comfortable,moderate,4980,very_few
Gordontown,Universitalia,December,11,No,Wednesday,cloudy,13.89,63.64,comfortable,strong,6569,some
Gordontown,Universitalia,April,30,No,Tuesday,cloudy,18.26,63.35,comfortable,light,6624,some
Gordontown,Universitalia,October,31,No,Thursday,cloudy,15.29,65.68,humid,light,6633,some
Gordontown,Universitalia,July,14,No,Sunday,cloudy,29.91,65.92,humid,light,8130,some
Robertburgh,Universitalia,April,19,No,Thursday,cloudy,21.99,65.85,humid,light,3809,very_few
Robertburgh,Universitalia,January,11,No,Thursday,cloudy,7.34,65.56,humid,light,1506,very_few
Robertburgh,Universitalia,April,5,No,Thursday,cloudy,17.34,66.53,humid,strong,2143,very_few
robertburgh,Universitalia,February,24,No,Saturday,cloudy,12.83,66.03,humid,moderate,2161,very_few
Gordontown,Universitalia,September,27,No,Friday,cloudy,27.35,65.89,humid,light,8788,some
Gordontown,Universitalia,July,9,No,Tuesday,cloudy,29.73,66.83,humid,light,7792,some
Robertburgh,Universitalia,March,11,No,Sunday,cloudy,12.39,66.31,humid,moderate,2349,very_few
Robertburgh,Universitalia,December,15,No,Saturday,cloudy,17.32,66.49,humid,moderate,4426,very_few
Robertburgh,Universitalia,January,25,No,Thursday,cloudy,8.73,66.99,humid,light,2370,very_few
Robertburgh,Universitalia,February,25,No,Sunday,cloudy,14.97,67.23,humid,strong,1737,very_few
Gordontown,Universitalia,August,3,No,Saturday,cloudy,31.1,67.65,humid,moderate,8466,some
Robertburgh,Universitalia,April,11,No,Wednesday,cloudy,23.62,67.66,humid,strong,3926,very_few
Robertburgh,Universitalia,September,15,No,Saturday,cloudy,24.98,66.37,humid,strong,4336,very_few
Robertburgh,Universitalia,September,2,No,Sunday,cloudy,25.04,67.25,humid,light,5587,some
Robertburgh,Universitalia,May,3,No,Thursday,cloudy,25.13,68.36,humid,strong,5279,some
Gordontown,Universitalia,October,1,No,Tuesday,cloudy,21.87,68.6,humid,calm,8044,some
Robertburgh,Universitalia,September,17,No,Monday,cloudy,20.27,67.01,humid,light,5265,some
Gordontown,Universitalia,October,27,No,Sunday,cloudy,21.12,68.28,humid,moderate,9165,some
Robertburgh,Universitalia,June,16,No,Saturday,cloudy,25.14,68.48,humid,moderate,4470,very_few
Gordontown,Universitalia,December,27,No,Friday,cloudy,9.87,67.77,humid,strong,2518,very_few
Gordontown,Universitalia,August,6,No,Tuesday,cloudy,31.89,67.12,humid,light,8296,some
Gordontown,Universitalia,February,2,No,Saturday,cloudy,15.73,68.09,humid,light,4487,very_few
Robertburgh,Universitalia,April,2,No,Monday,cloudy,12.27,68.56,humid,moderate,2605,very_few
Gordontown,Universitalia,May,6,No,Monday,cloudy,22.31,68.28,humid,light,7418,some
Gordontown,Universitalia,March,2,No,Saturday,cloudy,14.15,69.02,humid,light,3799,very_few
Robertburgh,Universitalia,June,27,No,Wednesday,cloudy,28.58,69.55,humid,light,5555,some
Gordontown,Universitalia,October,8,Yes,Tuesday,cloudy,15.99,70.77,humid,light,6483,very_few
Robertburgh,Universitalia,October,26,No,Friday,cloudy,20.26,69.11,humid,light,4626,very_few
Robertburgh,Universitalia,January,19,No,Friday,cloudy,12.12,69.64,humid,moderate,1971,very_few
Robertburgh,Universitalia,May,2,No,Wednesday,cloudy,23.55,69.65,humid,light,5196,some
Gordontown,Universitalia,February,8,No,Friday,cloudy,11.01,70.93,humid,light,3341,very_few
Robertburgh,Universitalia,March,15,No,Thursday,cloudy,13.28,69.07,humid,light,2442,very_few
Robertburgh,Universitalia,September,19,No,Wednesday,cloudy,23.26,70.38,humid,light,5372,some
Gordontown,Universitalia,October,4,No,Friday,cloudy,27.1,70.89,humid,light,8710,some
Gordontown,Universitalia,March,23,No,Saturday,cloudy,24.11,71.84,humid,light,9781,some
Gordontown,Universitalia,May,5,No,Sunday,cloudy,25.06,71.56,humid,light,8003,some
Gordontown,Universitalia,July,10,No,Wednesday,cloudy,30.16,71.12,humid,light,7454,some
Robertburgh,Universitalia,June,5,No,Tuesday,cloudy,27.49,70.52,humid,light,5705,some
Robertburgh,Universitalia,April,28,No,Saturday,cloudy,24.77,71.72,humid,strong,4812,very_few
Robertburgh,Universitalia,March,30,No,Friday,cloudy,11.31,71.45,humid,light,1825,very_few
Robertburgh,Universitalia,November,4,No,Sunday,cloudy,16.63,71.97,humid,strong,4806,very_few
Robertburgh,Universitalia,August,3,No,Friday,cloudy,30.31,71.06,humid,light,4239,very_few
Gordontown,Universitalia,May,30,No,Thursday,cloudy,27.09,70.1,humid,light,8151,some
Gordontown,Universitalia,June,5,No,Wednesday,cloudy,21.63,70.23,humid,moderate,8305,some
Robertburgh,Universitalia,November,20,No,Tuesday,cloudy,19.45,71.08,humid,light,4138,very_few
Gordontown,Universitalia,December,29,No,Sunday,cloudy,9.93,71.21,humid,light,1581,very_few
Gordontown,Universitalia,August,20,No,Tuesday,cloudy,25.67,71.53,humid,light,7748,some
Gordontown,Universitalia,August,8,No,Thursday,cloudy,30.27,71.69,humid,light,8916,some
Gordontown,Universitalia,July,22,No,Monday,cloudy,26.89,71.77,humid,calm,8629,some
Robertburgh,Universitalia,July,3,No,Tuesday,cloudy,29.28,72.88,humid,moderate,5346,some
Robertburgh,Universitalia,July,21,No,Saturday,cloudy,32.66,71.04,humid,moderate,4479,very_few
Gordontown,Universitalia,May,22,No,Wednesday,cloudy,25.5,73.87,humid,light,7207,some
Robertburgh,Universitalia,March,16,No,Friday,cloudy,14.65,73.09,humid,moderate,2599,very_few
Robertburgh,Universitalia,August,6,No,Monday,cloudy,29.81,73.52,humid,moderate,4994,very_few
Robertburgh,Universitalia,June,23,No,Saturday,cloudy,30.94,73.26,humid,moderate,5684,some
Robertburgh,Universitalia,August,19,No,Sunday,cloudy,27.84,73.7,humid,light,4899,very_few
Gordontown,Universitalia,January,27,No,Sunday,cloudy,16.07,73.2,humid,strong,4123,very_few
Robertburgh,Universitalia,May,4,No,Friday,cloudy,17.68,72.46,humid,strong,3142,very_few
Robertburgh,Universitalia,December,14,No,Friday,cloudy,13.29,72.61,humid,calm,4472,very_few
Robertburgh,Universitalia,April,1,No,Sunday,cloudy,12.8,73.66,humid,moderate,2640,very_few
Gordontown,Universitalia,February,16,No,Saturday,cloudy,12.39,74.77,humid,calm,3593,very_few
Gordontown,Universitalia,August,7,No,Wednesday,cloudy,30.13,74.7,humid,light,8594,some
Gordontown,Universitalia,September,28,No,Saturday,cloudy,24.14,73.36,humid,light,8793,some
Gordontown,Universitalia,October,7,No,Monday,cloudy,17.17,73.81,humid,light,4121,very_few
Gordontown,Universitalia,December,20,No,Friday,cloudy,13.35,74.92,humid,light,4929,very_few
Robertburgh,Universitalia,August,13,No,Monday,cloudy,28.36,74.81,humid,moderate,4839,very_few
Gordontown,Universitalia,August,19,No,Monday,cloudy,25.35,73.95,humid,calm,5347,some
Gordontown,Universitalia,September,17,No,Tuesday,cloudy,24.46,74.99,humid,light,8132,some
Gordontown,Universitalia,January,9,No,Wednesday,cloudy,9.32,74.22,humid,calm,2837,very_few
Gordontown,Universitalia,October,15,No,Tuesday,cloudy,23.05,73.52,humid,strong,6980,some
Gordontown,Universitalia,November,20,No,Wednesday,cloudy,15.09,74.33,humid,calm,6713,some
Gordontown,Universitalia,June,1,No,Saturday,cloudy,26.18,75.71,humid,moderate,4905,very_few
Robertburgh,Universitalia,June,1,No,Friday,cloudy,31.62,74.24,humid,moderate,4712,very_few
Gordontown,Universitalia,August,25,No,Sunday,cloudy,27.24,74.75,humid,moderate,7091,some
Robertburgh,Universitalia,June,19,No,Tuesday,cloudy,29.55,75.85,humid,calm,5538,some
Gordontown,Universitalia,May,8,No,Wednesday,cloudy,24.19,74.29,humid,strong,6809,some
Robertburgh,Universitalia,October,18,No,Thursday,cloudy,21.33,76.3,humid,light,5624,some
Gordontown,Universitalia,May,7,No,Tuesday,cloudy,22.11,75.99,humid,moderate,7423,some
Robertburgh,Universitalia,June,21,No,Thursday,cloudy,27.1,77.2,humid,light,5730,some
Gordontown,Universitalia,December,24,No,Tuesday,cloudy,8.38,77.21,humid,calm,1093,very_few
Gordontown,Universitalia,May,14,No,Tuesday,cloudy,24.13,76.57,humid,moderate,3381,very_few
Gordontown,Universitalia,December,2,No,Monday,cloudy,14.61,77.27,humid,light,5482,some
Gordontown,Universitalia,October,18,No,Friday,cloudy,20.49,76.45,humid,moderate,8914,some
Robertburgh,Universitalia,January,28,No,Sunday,cloudy,8.96,76.33,humid,light,1395,very_few
Gordontown,Universitalia,March,18,No,Monday,cloudy,18.88,76.81,humid,light,6852,some
Gordontown,Universitalia,January,22,No,Tuesday,cloudy,6.51,77.02,humid,moderate,2348,very_few
Robertburgh,Universitalia,March,9,No,Friday,cloudy,12.2,77.6,humid,moderate,2259,very_few
Robertburgh,Universitalia,March,21,No,Wednesday,cloudy,18.83,77.28,humid,strong,2464,very_few
Gordontown,Universitalia,August,10,No,Saturday,cloudy,29.57,77.63,humid,moderate,6835,some
Gordontown,Universitalia,February,5,No,Tuesday,cloudy,11.95,77.44,humid,light,3510,very_few
Robertburgh,Universitalia,February,1,No,Thursday,cloudy,8.51,77.68,humid,calm,1626,very_few
Robertburgh,Universitalia,October,14,No,Sunday,cloudy,23.13,77.62,humid,moderate,4307,very_few
Gordontown,Universitalia,March,17,No,Sunday,cloudy,20.46,77.63,humid,light,9092,some
Gordontown,Universitalia,October,28,No,Monday,cloudy,20.97,78.13,humid,strong,5252,some
Gordontown,Universitalia,December,16,No,Monday,cloudy,15.61,78.64,humid,calm,4484,very_few
Gordontown,Universitalia,March,16,No,Saturday,cloudy,17.67,78.78,humid,light,5203,some
Gordontown,Universitalia,April,26,No,Friday,cloudy,19.46,79.95,humid,light,5973,some
Gordontown,Universitalia,December,25,Yes,Wednesday,cloudy,11.61,78.22,humid,light,1175,very_few
Robertburgh,Universitalia,April,24,No,Tuesday,cloudy,23.84,79.33,humid,light,4865,very_few
Robertburgh,Universitalia,September,25,No,Tuesday,cloudy,25.35,79.27,humid,calm,5867,some
Robertburgh,Universitalia,November,29,No,Thursday,cloudy,19.21,79.99,humid,moderate,3490,very_few
Gordontown,Universitalia,December,1,No,Sunday,cloudy,11.3,79.41,humid,calm,6135,some
Robertburgh,Universitalia,December,5,No,Wednesday,cloudy,15.13,79.86,humid,calm,4553,very_few
Robertburgh,Universitalia,June,20,No,Wednesday,cloudy,26.6,80.81,humid,light,4735,very_few
Gordontown,Universitalia,November,27,No,Wednesday,cloudy,12.02,80.55,humid,moderate,4727,very_few
Gordontown,Universitalia,May,9,No,Thursday,cloudy,24.53,79.48,humid,moderate,5609,some
Robertburgh,Universitalia,May,1,No,Tuesday,cloudy,18.96,79.18,humid,light,3909,very_few
Gordontown,Universitalia,January,26,No,Saturday,cloudy,13.08,79.29,humid,calm,4863,very_few
Robertburgh,Universitalia,October,2,No,Tuesday,cloudy,15.91,80.81,humid,moderate,3438,very_few
Gordontown,Universitalia,August,11,No,Sunday,cloudy,28.02,79.26,humid,moderate,7328,some
Robertburgh,Universitalia,January,2,Yes,Tuesday,cloudy,14.27,79.79,humid,moderate,949,very_few
Robertburgh,Universitalia,April,22,No,Sunday,cloudy,13.54,79.01,humid,moderate,2003,very_few
Robertburgh,Universitalia,August,27,No,Monday,cloudy,27.93,80.1,humid,strong,1322,very_few
Robertburgh,Universitalia,March,24,No,Saturday,cloudy,11.82,80.82,humid,moderate,2225,very_few
Robertburgh,Universitalia,November,23,No,Friday,cloudy,17.13,80.96,humid,strong,3069,very_few
Robertburgh,Universitalia,April,12,No,Thursday,cloudy,20.99,81.28,humid,strong,2412,very_few
Robertburgh,Universitalia,July,8,No,Sunday,cloudy,29.8,81.7,humid,moderate,4785,very_few
Gordontown,Universitalia,January,17,No,Thursday,cloudy,15.37,81.3,humid,strong,3510,very_few
Gordontown,Universitalia,June,18,No,Tuesday,cloudy,23.51,80.61,humid,light,6066,some
Robertburgh,Universitalia,October,27,No,Saturday,cloudy,19.07,81.22,humid,moderate,3175,very_few
Gordontown,Universitalia,January,21,No,Monday,cloudy,7.54,81.17,humid,moderate,1544,very_few
Gordontown,Universitalia,December,7,No,Saturday,cloudy,13.11,82.45,humid,light,5983,some
Robertburgh,Universitalia,May,15,No,Tuesday,cloudy,23.5,82.58,humid,light,5310,some
Robertburgh,Universitalia,May,24,No,Thursday,cloudy,27.38,82.25,humid,moderate,5333,some
Gordontown,Universitalia,June,12,No,Wednesday,cloudy,26.21,82.2,humid,moderate,5925,some
Gordontown,Universitalia,March,31,No,Sunday,cloudy,17.91,81.01,humid,moderate,7246,some
Gordontown,Universitalia,May,3,No,Friday,cloudy,23.55,81.41,humid,light,7620,some
Gordontown,Universitalia,September,2,No,Monday,cloudy,29.98,82.84,humid,calm,6703,some
Robertburgh,Universitalia,August,4,No,Saturday,cloudy,29.1,83.25,humid,moderate,5419,some
Gordontown,Universitalia,October,9,No,Wednesday,cloudy,17.06,83.33,humid,light,7605,some
Gordontown,Universitalia,January,12,No,Saturday,cloudy,16.33,83.86,humid,light,4896,very_few
Robertburgh,Universitalia,October,3,No,Wednesday,cloudy,15.42,83.3,humid,calm,4248,very_few
Gordontown,Universitalia,May,15,No,Wednesday,cloudy,24.42,83.67,humid,light,6080,some
Gordontown,Universitalia,February,24,No,Sunday,cloudy,17.07,82.04,humid,moderate,4162,very_few
Robertburgh,Universitalia,September,28,No,Friday,cloudy,25.5,83.75,humid,light,4635,very_few
Robertburgh,Universitalia,April,8,No,Sunday,cloudy,14.28,84.06,humid,moderate,1752,very_few
Gordontown,Universitalia,May,23,No,Thursday,cloudy,24.65,84.33,humid,calm,6231,some
Robertburgh,Universitalia,March,5,No,Monday,cloudy,16.68,83.15,humid,moderate,2439,very_few
Robertburgh,Universitalia,April,13,No,Friday,cloudy,16.15,83.84,humid,moderate,2570,very_few
Robertburgh,Universitalia,November,10,No,Saturday,cloudy,16.16,85.37,humid,light,3490,very_few
Robertburgh,Universitalia,September,27,No,Thursday,cloudy,25.05,84.94,humid,light,4893,very_few
Robertburgh,Universitalia,August,25,No,Saturday,cloudy,28.57,85.94,humid,moderate,4220,very_few
Robertburgh,Universitalia,April,27,No,Friday,cloudy,24.28,85.61,humid,strong,4582,very_few
Gordontown,Universitalia,February,4,No,Monday,cloudy,11.08,85.5,humid,light,3359,very_few
Robertburgh,Universitalia,October,1,No,Monday,cloudy,16.73,84.85,humid,strong,2880,very_few
Gordontown,Universitalia,April,23,No,Tuesday,cloudy,13.92,85.66,humid,strong,3850,very_few
Robertburgh,Universitalia,December,27,No,Thursday,cloudy,13.79,84.52,humid,light,1378,very_few
Gordontown,Universitalia,May,21,No,Tuesday,cloudy,25.42,86.44,humid,moderate,5176,some
Gordontown,Universitalia,September,8,No,Sunday,cloudy,26.92,86.11,humid,strong,7017,some
Gordontown,Universitalia,March,21,No,Thursday,cloudy,22.21,85.88,humid,calm,7367,some
Robertburgh,Universitalia,May,17,No,Thursday,cloudy,22.48,86.48,humid,strong,4887,very_few
Robertburgh,Universitalia,April,10,No,Tuesday,cloudy,16.33,86.68,humid,light,3353,very_few
Robertburgh,Universitalia,December,22,No,Saturday,cloudy,16.77,85.2,humid,calm,3666,very_few
Gordontown,Universitalia,March,25,No,Monday,cloudy,18.38,86.55,humid,moderate,5841,some
Robertburgh,Universitalia,February,28,No,Wednesday,cloudy,17.43,87.58,humid,strong,1732,very_few
Gordontown,Universitalia,March,24,No,Sunday,cloudy,20.03,87.27,humid,light,3930,very_few
Gordontown,Universitalia,October,3,No,Thursday,cloudy,26.78,87.52,humid,calm,9025,some
Robertburgh,Universitalia,September,20,No,Thursday,cloudy,23.21,86.05,humid,light,4330,very_few
Gordontown,Universitalia,August,26,No,Monday,cloudy,26.73,87.71,humid,moderate,6161,some
Gordontown,Universitalia,October,25,No,Friday,cloudy,22.31,88.52,humid,light,8753,some
Robertburgh,Universitalia,March,23,No,Friday,cloudy,14.8,88.6,humid,moderate,2523,very_few
Robertburgh,Universitalia,January,1,Yes,Monday,cloudy,13.98,87.41,humid,light,1159,very_few
Robertburgh,Universitalia,May,13,No,Sunday,cloudy,21.57,87.71,humid,light,4851,very_few
Robertburgh,Universitalia,May,23,No,Wednesday,cloudy,25.36,88.09,humid,moderate,5045,some
Robertburgh,Universitalia,September,5,Yes,Wednesday,cloudy,27.98,87.68,humid,moderate,3900,very_few
Robertburgh,Universitalia,February,2,No,Friday,cloudy,11.27,88.73,humid,moderate,1829,very_few
Gordontown,Universitalia,January,23,No,Wednesday,cloudy,8.83,88.65,humid,light,2909,very_few
Gordontown,Universitalia,December,10,No,Tuesday,cloudy,17.53,90,humid,light,6170,some
Robertburgh,Universitalia,May,18,No,Friday,cloudy,22.23,88.79,humid,moderate,4570,very_few
Gordontown,Universitalia,October,26,No,Saturday,cloudy,21.5,88.43,humid,light,8823,some
Robertburgh,Universitalia,April,9,No,Monday,cloudy,13.77,89.62,humid,light,2858,very_few
Gordontown,Universitalia,January,11,No,Friday,cloudy,10.58,88.14,humid,light,2618,very_few
Robertburgh,Universitalia,September,21,No,Friday,cloudy,24.04,89.98,humid,calm,5166,some
Robertburgh,Universitalia,September,24,No,Monday,cloudy,25.13,90.03,humid,calm,6334,some
Robertburgh,Universitalia,January,18,No,Thursday,cloudy,8.11,89.8,humid,light,807,very_few
Robertburgh,Universitalia,September,22,No,Saturday,cloudy,26.76,90.71,humid,light,5712,some
Gordontown,Universitalia,October,19,No,Saturday,cloudy,23.28,90.71,humid,light,6431,some
Gordontown,Universitalia,September,6,No,Friday,cloudy,29.96,90.15,humid,light,7379,some
Robertburgh,Universitalia,December,21,No,Friday,cloudy,18.37,91.04,humid,moderate,3174,very_few
Robertburgh,Universitalia,May,19,No,Saturday,cloudy,22.79,91.69,humid,light,5425,some
Robertburgh,Universitalia,October,11,No,Thursday,cloudy,22.84,90.11,humid,light,5401,some
Robertburgh,Universitalia,October,13,No,Saturday,cloudy,24,92.84,humid,light,3458,very_few
Robertburgh,Universitalia,August,14,No,Tuesday,cloudy,27.04,91.03,humid,moderate,4444,very_few
Gordontown,Universitalia,July,20,No,Saturday,cloudy,26.91,92.37,humid,moderate,6957,some
Gordontown,Universitalia,December,9,No,Monday,cloudy,15.45,92.98,humid,light,3825,very_few
Gordontown,Universitalia,October,30,No,Wednesday,cloudy,12.93,93.03,humid,moderate,1317,very_few
Robertburgh,Universitalia,March,6,No,Tuesday,cloudy,14.4,94.02,humid,strong,709,very_few
Robertburgh,Universitalia,September,23,No,Sunday,cloudy,25.64,94.25,humid,calm,2854,very_few
Robertburgh,Universitalia,February,5,No,Monday,cloudy,10.96,94.73,humid,light,1190,very_few
Robertburgh,Universitalia,September,26,No,Wednesday,cloudy,27.69,94.27,humid,light,5499,some
Gordontown,Universitalia,December,8,No,Sunday,cloudy,15.67,95.61,humid,calm,6581,some
Gordontown,Universitalia,September,18,No,Wednesday,cloudy,26.38,95.94,humid,strong,4850,very_few
Robertburgh,Universitalia,September,9,No,Sunday,cloudy,26.82,95.29,humid,light,4216,very_few
Robertburgh,Universitalia,April,23,No,Monday,cloudy,18.62,97.6,humid,moderate,4702,very_few
Robertburgh,Universitalia,May,14,No,Monday,cloudy,21.79,97.6,humid,light,4015,very_few
Gordontown,Universitalia,December,17,No,Tuesday,cloudy,15.91,97.11,humid,calm,5492,some
Robertburgh,Universitalia,March,10,No,Saturday,rainy,16.61,44.35,comfortable,moderate,749,very_few
Gordontown,Universitalia,February,11,No,Monday,rainy,8.16,78.87,humid,strong,2582,lots
Robertburgh,Universitalia,January,26,No,Friday,rainy,8.7,80.6,humid,strong,604,lots
Gordontown,Universitalia,December,26,No,Thursday,rainy,10.52,83.04,humid,strong,532,very_few
Gordontown,Universitalia,October,2,No,Wednesday,rainy,23.17,83.66,humid,calm,5531,some
Gordontown,Universitalia,July,21,No,Sunday,rainy,24.88,84.59,humid,moderate,5220,some
Gordontown,Universitalia,April,22,No,Monday,rainy,15.47,88.07,humid,strong,1218,very_few
Robertburgh,Universitalia,October,12,No,Friday,rainy,22.04,88.39,humid,moderate,2887,very_few
Robertburgh,Universitalia,December,7,No,Friday,rainy,17.58,91.6,humid,moderate,846,very_few
Robertburgh,Universitalia,November,22,No,Thursday,rainy,17.16,92.74,humid,light,1911,very_few
Robertburgh,Universitalia,September,6,No,Thursday,rainy,21.39,91.03,humid,strong,3232,very_few
Robertburgh,Universitalia,October,29,No,Monday,rainy,10.58,93.11,humid,strong,743,very_few
Gordontown,Universitalia,October,29,No,Tuesday,rainy,17.73,92.48,humid,strong,35,very_few
Robertburgh,Universitalia,March,31,No,Saturday,rainy,10.43,92.05,humid,moderate,2017,very_few
Robertburgh,Universitalia,November,21,No,Wednesday,rainy,17.44,94.97,humid,light,3302,very_few
Robertburgh,Universitalia,September,7,No,Friday,rainy,25.31,93.91,humid,calm,2381,very_few
Robertburgh,Universitalia,December,6,No,Thursday,rainy,18.71,96.43,humid,moderate,3097,very_few
Robertburgh,Universitalia,September,8,No,Saturday,rainy,26.59,95.38,humid,light,2192,very_few
Robertburgh,Universitalia,November,16,No,Friday,rainy,18.19,95.26,humid,light,2164,very_few
Robertburgh,Universitalia,April,16,No,Monday,rainy,18.41,96.12,humid,strong,938,very_few
Robertburgh,Universitalia,October,19,No,Friday,rainy,21.1,96.66,humid,moderate,2880,very_few
Gordontown,Universitalia,April,8,No,Monday,sunny,21.55,24.21,dry,moderate,5971,some
Gordontown,Universitalia,March,27,No,Wednesday,sunny,13.19,24.81,dry,light,6055,some
Robertburgh,Universitalia,February,19,No,Monday,sunny,16.39,25.07,dry,gale,1901,lots
Robertburgh,Universitalia,March,3,No,Saturday,sunny,8.72,26.67,dry,moderate,2009,very_few
Robertburgh,Universitalia,February,15,No,Thursday,sunny,10.87,27.32,dry,strong,2164,very_few
Gordontown,Universitalia,April,7,No,Sunday,sunny,17.13,28.4,dry,strong,7893,some
Robertburgh,Universitalia,June,2,No,Saturday,sunny,28.17,29.33,dry,strong,5895,some
Robertburgh,Universitalia,March,28,No,Wednesday,sunny,11.21,31.14,dry,moderate,2397,very_few
Gordontown,Universitalia,January,29,No,Tuesday,sunny,11.01,32.44,dry,moderate,3839,very_few
Robertburgh,Universitalia,March,29,No,Thursday,sunny,11.55,33.76,dry,moderate,2888,very_few
Robertburgh,Universitalia,March,19,No,Monday,sunny,18.84,34.85,dry,strong,3603,very_few
Gordontown,Universitalia,April,5,No,Friday,sunny,18.48,34.42,dry,moderate,7629,some
Robertburgh,Universitalia,July,27,No,Friday,sunny,32.12,34.25,dry,light,5511,some
Gordontown,Universitalia,February,28,No,Thursday,sunny,14.75,35.37,dry,light,5218,some
Gordontown,Universitalia,June,27,No,Thursday,sunny,28.26,35.55,dry,strong,8698,some
Robertburgh,Universitalia,February,14,No,Wednesday,sunny,16.85,36.9,dry,strong,2277,very_few
Gordontown,Universitalia,November,24,No,Sunday,sunny,11.34,35.14,comfortable,strong,2683,very_few
Gordontown,Universitalia,January,30,No,Wednesday,sunny,10.93,36.89,comfortable,moderate,4329,very_few
Robertburgh,Universitalia,February,16,No,Friday,sunny,13.9,37.46,comfortable,moderate,2516,very_few
Gordontown,Universitalia,April,9,No,Tuesday,sunny,20.39,37.35,dry,strong,6621,some
Robertburgh,Universitalia,November,18,No,Sunday,sunny,10.92,38.51,comfortable,light,4046,very_few
Robertburgh,Universitalia,June,30,No,Saturday,sunny,28.01,37.12,comfortable,light,6519,some
Gordontown,Universitalia,March,10,No,Sunday,sunny,12.63,37.75,dry,moderate,4841,very_few
Gordontown,Universitalia,June,26,No,Wednesday,sunny,26.12,37.78,comfortable,strong,8822,some
Robertburgh,Universitalia,June,3,No,Sunday,sunny,25.76,38.99,comfortable,moderate,6300,some
Robertburgh,Universitalia,January,9,No,Tuesday,sunny,5.42,39.35,comfortable,strong,987,lots
Robertburgh,Universitalia,April,21,No,Saturday,sunny,18.42,38.28,comfortable,strong,4955,very_few
Robertburgh,Universitalia,February,20,No,Tuesday,sunny,12.81,38.9,comfortable,moderate,2106,very_few
Gordontown,Universitalia,January,31,No,Thursday,sunny,16.6,40.03,comfortable,moderate,5377,some
Robertburgh,Universitalia,January,23,No,Tuesday,sunny,3.21,40.84,comfortable,moderate,1158,very_few
Robertburgh,Universitalia,August,11,No,Saturday,sunny,28.56,40.54,comfortable,light,5677,some
Gordontown,Universitalia,April,13,No,Saturday,sunny,17.99,41.34,comfortable,light,7559,some
Gordontown,Universitalia,January,18,No,Friday,sunny,12.88,40.8,comfortable,strong,4039,very_few
Robertburgh,Universitalia,January,3,No,Wednesday,sunny,8.42,41.08,comfortable,moderate,1614,very_few
Robertburgh,Universitalia,August,10,No,Friday,sunny,30.69,40.45,comfortable,moderate,5661,some
Gordontown,Universitalia,April,3,No,Wednesday,sunny,19.97,41.72,dry,calm,7989,some
Robertburgh,Universitalia,August,22,No,Wednesday,sunny,27.42,42.13,comfortable,strong,5632,some
Robertburgh,Universitalia,July,2,No,Monday,sunny,30.27,41.07,comfortable,light,5919,some
Gordontown,Universitalia,April,11,No,Thursday,sunny,13.76,42.54,comfortable,strong,5783,some
Robertburgh,Universitalia,March,26,No,Monday,sunny,11.55,42.16,dry,moderate,2890,very_few
Robertburgh,Universitalia,February,23,No,Friday,sunny,8.58,42.41,comfortable,calm,2279,very_few
Gordontown,Universitalia,April,4,No,Thursday,sunny,22.98,41.73,comfortable,light,7624,some
Robertburgh,Universitalia,June,4,No,Monday,sunny,26.75,41.71,comfortable,light,6226,some
Gordontown,Universitalia,November,8,No,Friday,sunny,14.95,42.71,comfortable,strong,6334,some
Gordontown,Universitalia,January,2,Yes,Wednesday,sunny,11.09,41.9,dry,strong,2326,very_few
Gordontown,Universitalia,March,6,No,Wednesday,sunny,11.49,42.26,comfortable,moderate,4722,very_few
Robertburgh,Universitalia,April,6,No,Friday,sunny,16.72,43.18,comfortable,moderate,3332,very_few
Gordontown,Universitalia,July,6,No,Saturday,sunny,33.73,43.24,comfortable,light,7314,some
Robertburgh,Universitalia,October,15,No,Monday,sunny,20.94,43.25,comfortable,moderate,6064,some
Gordontown,Universitalia,June,3,No,Monday,sunny,25.78,43.67,comfortable,light,8911,some
Gordontown,Universitalia,March,29,No,Friday,sunny,19.26,44.96,comfortable,strong,7275,some
Robertburgh,Universitalia,July,1,No,Sunday,sunny,29.05,43.59,comfortable,calm,6308,some
Robertburgh,Universitalia,November,19,No,Monday,sunny,13.91,44.68,comfortable,moderate,4307,very_few
Robertburgh,Universitalia,June,29,No,Friday,sunny,29.96,45.47,comfortable,moderate,6188,some
Robertburgh,Universitalia,July,14,No,Saturday,sunny,28.81,45.94,comfortable,moderate,6010,some
Gordontown,Universitalia,February,25,No,Monday,sunny,12.72,44.14,dry,strong,3257,very_few
Robertburgh,Universitalia,January,10,No,Wednesday,sunny,5.96,44.58,comfortable,moderate,1587,very_few
Gordontown,Universitalia,May,11,No,Saturday,sunny,21.59,45.18,dry,moderate,8304,some
Gordontown,Universitalia,February,26,No,Tuesday,sunny,11.77,45.03,comfortable,moderate,4021,very_few
Gordontown,Universitalia,April,14,No,Sunday,sunny,20.25,46.01,comfortable,light,8662,some
Robertburgh,Universitalia,February,3,No,Saturday,sunny,7.58,45.61,comfortable,strong,1856,lots
Gordontown,Universitalia,April,15,No,Monday,sunny,25.08,45.88,comfortable,moderate,8272,some
Gordontown,Universitalia,March,5,No,Tuesday,sunny,10.69,45.37,comfortable,moderate,3984,very_few
Gordontown,Universitalia,June,28,No,Friday,sunny,30.84,45.7,comfortable,light,8164,some
Gordontown,Universitalia,March,28,No,Thursday,sunny,19.25,46.44,comfortable,strong,6761,some
Gordontown,Universitalia,April,24,No,Wednesday,sunny,16.53,46.11,comfortable,moderate,6702,some
Gordontown,Universitalia,March,7,No,Thursday,sunny,17.92,47.64,comfortable,strong,5858,some
Gordontown,Universitalia,June,8,No,Saturday,sunny,26.61,47.43,comfortable,light,9138,some
Gordontown,Universitalia,December,30,No,Monday,sunny,10.93,47.54,comfortable,strong,2114,very_few
Gordontown,Universitalia,June,24,No,Monday,sunny,29.49,46.95,comfortable,light,8010,some
Gordontown,Universitalia,April,12,No,Friday,sunny,15.52,47.93,comfortable,strong,6410,some
Gordontown,Universitalia,November,28,No,Thursday,sunny,11.03,47.69,comfortable,moderate,6285,some
Gordontown,Universitalia,July,17,No,Wednesday,sunny,34.51,46.31,comfortable,light,8050,some
Gordontown,Universitalia,April,6,No,Saturday,sunny,16.83,46.64,dry,strong,7562,some
Gordontown,Universitalia,July,2,No,Tuesday,sunny,32.95,47.57,comfortable,moderate,7385,some
Gordontown,Universitalia,July,12,No,Friday,sunny,29.24,47.38,comfortable,light,8822,some
Robertburgh,Universitalia,December,26,Yes,Wednesday,sunny,13.6,48.97,comfortable,moderate,1545,very_few
Gordontown,Universitalia,December,5,No,Thursday,sunny,18.2,47.4,comfortable,strong,6837,some
Gordontown,Universitalia,January,19,No,Saturday,sunny,7.35,47.18,comfortable,moderate,3932,very_few
Gordontown,Universitalia,January,3,No,Thursday,sunny,5.46,48.74,comfortable,strong,2675,lots
Robertburgh,Universitalia,August,23,No,Thursday,sunny,26.84,48.98,comfortable,light,6939,some
Gordontown,Universitalia,June,4,No,Tuesday,sunny,24.23,48.29,comfortable,strong,8302,some
Robertburgh,Universitalia,June,13,No,Wednesday,sunny,26.25,47.63,comfortable,strong,5935,some
Gordontown,Universitalia,December,22,No,Sunday,sunny,11.04,47.07,comfortable,strong,2089,very_few
Robertburgh,Universitalia,November,11,Yes,Sunday,sunny,12.83,48.35,comfortable,strong,4005,very_few
Robertburgh,Universitalia,July,30,No,Monday,sunny,33.41,47.31,comfortable,light,5205,some
Gordontown,Universitalia,September,10,No,Tuesday,sunny,23.28,48.71,comfortable,moderate,8910,some
Robertburgh,Universitalia,March,8,No,Thursday,sunny,12.74,47.35,comfortable,light,2534,very_few
Gordontown,Universitalia,April,27,No,Saturday,sunny,18.06,47.35,comfortable,strong,7384,some
Robertburgh,Universitalia,April,14,No,Saturday,sunny,19.59,48.48,comfortable,light,3863,very_few
Gordontown,Universitalia,October,11,No,Friday,sunny,17.7,48.64,comfortable,light,8992,some
Gordontown,Universitalia,November,26,No,Tuesday,sunny,13.01,48.34,comfortable,calm,6073,some
Robertburgh,Universitalia,June,26,No,Tuesday,sunny,27.8,49.22,comfortable,calm,6173,some
Gordontown,Universitalia,May,19,No,Sunday,sunny,24.13,49.87,comfortable,calm,9605,some
Gordontown,Universitalia,March,4,No,Monday,sunny,12.6,48.88,comfortable,strong,4037,very_few
Robertburgh,Universitalia,August,12,No,Sunday,sunny,28.01,49.2,comfortable,light,5769,some
Gordontown,Universitalia,April,17,No,Wednesday,sunny,25.58,48.09,dry,strong,7923,some
Gordontown,Universitalia,August,16,No,Friday,sunny,29.03,49.46,comfortable,light,8989,some
Robertburgh,Universitalia,December,10,No,Monday,sunny,10.58,50.57,comfortable,moderate,3776,very_few
Gordontown,Universitalia,November,9,No,Saturday,sunny,15.15,49.72,comfortable,moderate,7123,some
Robertburgh,Universitalia,January,16,No,Tuesday,sunny,8.82,50.56,comfortable,light,1427,very_few
Robertburgh,Universitalia,January,13,No,Saturday,sunny,6.4,50.77,comfortable,strong,1678,lots
Gordontown,Universitalia,January,5,No,Saturday,sunny,11.46,49.73,comfortable,light,3905,very_few
Robertburgh,Universitalia,January,22,No,Monday,sunny,1.82,49.72,comfortable,light,1162,very_few
Gordontown,Universitalia,May,17,No,Friday,sunny,24.46,49.75,comfortable,moderate,8739,some
Gordontown,Universitalia,June,9,No,Sunday,sunny,29.03,50.53,comfortable,light,8720,some
Gordontown,Universitalia,June,25,No,Tuesday,sunny,28.37,50.53,comfortable,strong,8019,some
Gordontown,Universitalia,February,18,No,Monday,sunny,13.27,51.41,comfortable,light,5026,some
Robertburgh,Universitalia,January,14,No,Sunday,sunny,7.03,50.46,comfortable,light,1708,very_few
Gordontown,Universitalia,January,8,No,Tuesday,sunny,14.91,51.56,comfortable,light,4056,very_few
Robertburgh,Universitalia,May,7,No,Monday,sunny,21.49,51.82,comfortable,light,5507,some
Gordontown,Universitalia,January,28,No,Monday,sunny,12.6,50.35,comfortable,moderate,4745,very_few
Gordontown,Universitalia,May,31,No,Friday,sunny,27.1,50.65,comfortable,moderate,8696,some
Robertburgh,Universitalia,March,2,No,Friday,sunny,14.11,50.19,comfortable,strong,2532,very_few
Robertburgh,Universitalia,June,14,No,Thursday,sunny,24.74,51.96,comfortable,strong,5787,some
Robertburgh,Universitalia,February,13,No,Tuesday,sunny,13.41,50.1,comfortable,moderate,1871,very_few
Gordontown,Universitalia,May,20,No,Monday,sunny,25.65,50.96,comfortable,moderate,8293,some
Robertburgh,Universitalia,December,28,No,Friday,sunny,11.05,51.04,comfortable,strong,2741,very_few
Robertburgh,Universitalia,April,29,No,Sunday,sunny,21.61,50.12,comfortable,moderate,5440,some
Gordontown,Universitalia,February,13,No,Wednesday,sunny,9.91,50.95,comfortable,light,4101,very_few
Gordontown,Universitalia,July,5,No,Friday,sunny,34.39,51.97,comfortable,light,7347,some
Gordontown,Universitalia,January,15,No,Tuesday,sunny,7.76,51.66,comfortable,moderate,2758,very_few
Gordontown,Universitalia,April,10,No,Wednesday,sunny,17.61,51.3,comfortable,moderate,7020,some
Gordontown,Universitalia,December,23,No,Monday,sunny,10.34,51.3,comfortable,light,2103,very_few
Gordontown,Universitalia,February,22,No,Friday,sunny,17,52,comfortable,moderate,5692,some
Robertburgh,Universitalia,February,18,No,Sunday,sunny,20.2,51.05,comfortable,moderate,3465,very_few
Gordontown,Universitalia,October,16,No,Wednesday,sunny,18.53,51.86,comfortable,light,8951,some
Robertburgh,Universitalia,June,25,No,Monday,sunny,28.74,51.57,comfortable,moderate,6065,some
Gordontown,Universitalia,August,29,No,Thursday,sunny,27.95,51.04,comfortable,light,9121,some
Robertburgh,Universitalia,April,3,No,Tuesday,sunny,15.49,52.8,comfortable,light,3730,very_few
Robertburgh,Universitalia,July,24,No,Tuesday,sunny,33.26,51.9,comfortable,light,4228,very_few
Gordontown,Universitalia,November,23,No,Saturday,sunny,15.82,52.87,comfortable,light,4537,very_few
Robertburgh,Universitalia,November,13,No,Tuesday,sunny,17.82,52.18,comfortable,strong,4361,very_few
Gordontown,Universitalia,November,2,No,Saturday,sunny,14.01,52.85,comfortable,moderate,6952,some
Gordontown,Universitalia,September,11,No,Wednesday,sunny,23.49,52.6,comfortable,calm,9209,some
Gordontown,Universitalia,March,11,No,Monday,sunny,15.38,52.24,comfortable,moderate,5732,some
Robertburgh,Universitalia,December,11,No,Tuesday,sunny,8.33,52.8,comfortable,calm,3252,very_few
Robertburgh,Universitalia,May,5,No,Saturday,sunny,18.56,52.81,comfortable,strong,5259,some
Gordontown,Universitalia,January,14,No,Monday,sunny,6.6,51.18,comfortable,light,2961,very_few
Gordontown,Universitalia,November,25,No,Monday,sunny,10.69,52.77,comfortable,light,2884,very_few
Robertburgh,Universitalia,March,20,No,Tuesday,sunny,14.49,52.9,comfortable,moderate,2848,very_few
Gordontown,Universitalia,April,25,No,Thursday,sunny,19.52,51.55,comfortable,light,7369,some
Robertburgh,Universitalia,October,21,No,Sunday,sunny,18.65,53.44,comfortable,moderate,5104,some
Robertburgh,Universitalia,February,17,No,Saturday,sunny,18.26,52.82,comfortable,moderate,2948,very_few
Gordontown,Universitalia,June,2,No,Sunday,sunny,24.4,53.78,comfortable,light,9472,some
Gordontown,Universitalia,March,26,No,Tuesday,sunny,17.59,52.86,comfortable,strong,6599,some
Robertburgh,Universitalia,March,1,No,Thursday,sunny,10.2,53.55,comfortable,moderate,2216,very_few
Gordontown,Universitalia,March,14,No,Thursday,sunny,23.46,52.06,comfortable,light,7468,some
Robertburgh,Universitalia,February,6,No,Tuesday,sunny,12.49,52.63,comfortable,light,1907,very_few
Robertburgh,Universitalia,January,6,No,Saturday,sunny,7.04,53.09,comfortable,calm,1924,very_few
Robertburgh,Universitalia,January,21,No,Sunday,sunny,6.53,52.37,comfortable,strong,1845,lots
Robertburgh,Universitalia,December,8,No,Saturday,sunny,11.4,52.38,comfortable,moderate,3967,very_few
Robertburgh,Universitalia,February,10,No,Saturday,sunny,5.87,52.63,comfortable,moderate,1846,very_few
Robertburgh,Universitalia,January,5,No,Friday,sunny,9.64,52.65,comfortable,light,1913,very_few
Gordontown,Universitalia,July,25,No,Thursday,sunny,29.28,53.79,comfortable,light,9665,some
Robertburgh,Universitalia,June,15,No,Friday,sunny,26.74,52.87,comfortable,light,6136,some
Robertburgh,Universitalia,August,2,No,Thursday,sunny,31.63,53.67,comfortable,moderate,5732,some
Robertburgh,Universitalia,April,4,No,Wednesday,sunny,23.86,52.58,comfortable,strong,3673,very_few
Robertburgh,Universitalia,May,9,No,Wednesday,sunny,21.87,54.8,comfortable,light,5180,some
Gordontown,Universitalia,November,6,No,Wednesday,sunny,11.21,54.62,comfortable,light,6787,some
Robertburgh,Universitalia,July,22,No,Sunday,sunny,34.73,54.51,comfortable,light,4010,very_few
Gordontown,Universitalia,November,17,No,Sunday,sunny,13.47,53.89,comfortable,light,6619,some
Robertburgh,Universitalia,March,13,No,Tuesday,sunny,15.75,54.33,comfortable,strong,2811,very_few
Robertburgh,Universitalia,March,14,No,Wednesday,sunny,13.45,53.27,comfortable,light,2422,very_few
Gordontown,Universitalia,February,7,No,Thursday,sunny,15.43,53.07,comfortable,light,5243,some
Gordontown,Universitalia,February,21,No,Thursday,sunny,12.55,54.52,comfortable,moderate,4509,very_few
Robertburgh,Universitalia,November,12,No,Monday,sunny,15.78,53.59,comfortable,moderate,4745,very_few
Gordontown,Universitalia,May,18,No,Saturday,sunny,22.27,53.12,comfortable,light,9010,some
Robertburgh,Universitalia,October,16,No,Tuesday,sunny,21.16,53.54,comfortable,strong,5878,some
Gordontown,Universitalia,June,23,No,Sunday,sunny,30.96,54.77,comfortable,light,8683,some
Robertburgh,Universitalia,August,29,No,Wednesday,sunny,26.82,54.52,comfortable,light,5487,some
Gordontown,Universitalia,February,3,No,Sunday,sunny,13.12,53.3,comfortable,light,4941,very_few
Robertburgh,Universitalia,August,8,No,Wednesday,sunny,30.65,55.13,comfortable,light,5103,some
Gordontown,Universitalia,June,21,No,Friday,sunny,32.7,55.89,comfortable,light,7010,some
Gordontown,Universitalia,June,15,No,Saturday,sunny,25.54,54.75,comfortable,light,9037,some
Robertburgh,Universitalia,December,29,No,Saturday,sunny,10.98,55.08,comfortable,light,2886,very_few
Robertburgh,Universitalia,March,17,No,Saturday,sunny,16.93,54.13,humid,moderate,3257,very_few
Gordontown,Universitalia,January,7,No,Monday,sunny,15.9,55.45,comfortable,light,5325,some
Gordontown,Universitalia,April,2,No,Tuesday,sunny,18.78,55.95,comfortable,strong,7006,some
Gordontown,Universitalia,August,12,No,Monday,sunny,28.68,54.67,comfortable,light,7639,some
Robertburgh,Universitalia,July,31,No,Tuesday,sunny,32.46,55.94,comfortable,light,5001,some
Gordontown,Universitalia,October,20,No,Sunday,sunny,20.41,54.54,comfortable,light,9416,some
Gordontown,Universitalia,June,22,No,Saturday,sunny,31.5,55.91,comfortable,light,6890,some
Gordontown,Universitalia,June,16,No,Sunday,sunny,25.63,54.77,comfortable,light,8948,some
Robertburgh,Universitalia,July,23,No,Monday,sunny,35.8,54.47,comfortable,light,3840,very_few
Gordontown,Universitalia,October,13,No,Sunday,sunny,15.61,55.68,comfortable,light,8304,some
Robertburgh,Universitalia,April,17,No,Tuesday,sunny,19.87,55.66,comfortable,strong,4342,very_few
Gordontown,Universitalia,February,12,No,Tuesday,sunny,5.44,55.53,comfortable,strong,1827,lots
Gordontown,Universitalia,October,12,No,Saturday,sunny,18.09,56.23,comfortable,moderate,8635,some
Robertburgh,Universitalia,May,6,No,Sunday,sunny,20.64,55.98,comfortable,moderate,5433,some
Robertburgh,Universitalia,April,30,No,Monday,sunny,18.49,56.71,comfortable,moderate,6189,some
Gordontown,Universitalia,October,22,No,Tuesday,sunny,20.14,56.84,comfortable,calm,8378,some
Gordontown,Universitalia,February,9,No,Saturday,sunny,10.17,56.37,comfortable,moderate,4575,very_few
Gordontown,Universitalia,February,20,Yes,Wednesday,sunny,11.25,55.27,comfortable,moderate,3705,very_few
Robertburgh,Universitalia,July,26,No,Thursday,sunny,31.21,55.84,comfortable,moderate,5428,some
Gordontown,Universitalia,July,3,No,Wednesday,sunny,32.88,55.04,comfortable,light,7882,some
Gordontown,Universitalia,November,5,No,Tuesday,sunny,13.21,56.42,comfortable,moderate,6264,some
Gordontown,Universitalia,October,21,No,Monday,sunny,18.47,55.59,comfortable,light,7972,some
Gordontown,Universitalia,September,15,No,Sunday,sunny,25.68,56.03,comfortable,moderate,10150,some
Robertburgh,Universitalia,November,30,No,Friday,sunny,12.48,57.41,comfortable,strong,4320,very_few
Gordontown,Universitalia,January,6,No,Sunday,sunny,14.31,56.38,comfortable,light,4894,very_few
Gordontown,Universitalia,June,29,No,Saturday,sunny,33.1,56.42,comfortable,light,6476,some
Gordontown,Universitalia,August,13,No,Tuesday,sunny,30.49,56.67,comfortable,light,8143,some
Gordontown,Universitalia,December,13,No,Friday,sunny,12.75,56.43,comfortable,light,6587,some
Robertburgh,Universitalia,February,12,No,Monday,sunny,8.82,56.73,comfortable,moderate,1737,very_few
Robertburgh,Universitalia,November,24,Yes,Saturday,sunny,14.29,57.27,comfortable,light,1736,very_few
Gordontown,Universitalia,September,23,No,Monday,sunny,22.61,56.39,comfortable,moderate,9235,some
Gordontown,Universitalia,September,24,No,Tuesday,sunny,21.79,57.23,comfortable,light,8824,some
Robertburgh,Universitalia,May,10,No,Thursday,sunny,22.24,56.32,comfortable,light,5698,some
Robertburgh,Universitalia,May,21,No,Monday,sunny,25.34,58.5,comfortable,light,6744,some
Robertburgh,Universitalia,January,12,No,Friday,sunny,7.89,58.18,comfortable,strong,1389,lots
Gordontown,Universitalia,February,17,No,Sunday,sunny,13.81,57.15,humid,moderate,4946,very_few
Gordontown,Universitalia,August,17,No,Saturday,sunny,30.95,58.33,comfortable,moderate,8442,some
Gordontown,Universitalia,September,9,No,Monday,sunny,25.73,57.01,comfortable,moderate,9623,some
Robertburgh,Universitalia,December,3,No,Monday,sunny,12.01,58.13,comfortable,calm,4276,very_few
Gordontown,Universitalia,March,12,No,Tuesday,sunny,19.21,57.96,comfortable,moderate,6285,some
Robertburgh,Universitalia,December,1,No,Saturday,sunny,12.57,58.2,comfortable,moderate,4458,very_few
Robertburgh,Universitalia,June,24,No,Sunday,sunny,29.78,58.87,comfortable,moderate,5887,some
Robertburgh,Universitalia,March,7,No,Wednesday,sunny,10.23,58.88,comfortable,strong,2218,very_few
Robertburgh,Universitalia,March,12,No,Monday,sunny,13.4,57.91,comfortable,moderate,2489,very_few
Gordontown,Universitalia,February,27,No,Wednesday,sunny,14.3,58.74,comfortable,moderate,5153,some
Gordontown,Universitalia,July,19,No,Friday,sunny,31.89,58.99,comfortable,light,7826,some
Gordontown,Universitalia,September,30,No,Monday,sunny,22.37,57.85,comfortable,light,8059,some
Robertburgh,Universitalia,March,25,No,Sunday,sunny,11.73,57.79,comfortable,moderate,2628,very_few
Gordontown,Universitalia,May,12,No,Sunday,sunny,23.87,58.82,comfortable,light,8646,some
Gordontown,Universitalia,August,28,No,Wednesday,sunny,29.2,58.83,comfortable,light,8359,some
Robertburgh,Universitalia,May,31,No,Thursday,sunny,32.5,59.76,comfortable,light,4704,very_few
Robertburgh,Universitalia,February,26,No,Monday,sunny,11.77,58.65,comfortable,light,2318,very_few
Robertburgh,Universitalia,August,30,No,Thursday,sunny,25.39,59.53,comfortable,light,6163,some
Robertburgh,Universitalia,August,16,No,Thursday,sunny,29.32,58.56,comfortable,moderate,5587,some
Gordontown,Universitalia,January,13,No,Sunday,sunny,10.36,58.14,comfortable,strong,3840,very_few
Gordontown,Universitalia,November,4,No,Monday,sunny,12.56,58.91,comfortable,light,6014,some
Robertburgh,Universitalia,July,10,No,Tuesday,sunny,30.27,59.1,comfortable,light,5697,some
Robertburgh,Universitalia,November,5,No,Monday,sunny,13.95,58.63,comfortable,light,4596,very_few
Gordontown,Universitalia,September,29,No,Sunday,sunny,22.66,58.53,comfortable,moderate,10000,some
Gordontown,Universitalia,July,4,Yes,Thursday,sunny,32.56,59.23,comfortable,light,8623,very_few
Robertburgh,Universitalia,January,24,No,Wednesday,sunny,3.11,58.16,comfortable,light,1691,very_few
Gordontown,Universitalia,July,7,No,Sunday,sunny,34.26,59.94,comfortable,light,5653,some
Gordontown,Universitalia,July,28,No,Sunday,sunny,30.37,60.08,comfortable,light,7813,some
Robertburgh,Universitalia,September,1,No,Saturday,sunny,26.67,59.79,comfortable,light,6059,some
Robertburgh,Universitalia,August,18,No,Saturday,sunny,29.82,60.94,comfortable,moderate,4504,very_few
Robertburgh,Universitalia,February,8,No,Thursday,sunny,8.89,59.8,comfortable,strong,1831,lots
Gordontown,Universitalia,June,6,No,Thursday,sunny,22.1,60.58,comfortable,calm,8373,some
Robertburgh,Universitalia,October,30,No,Tuesday,sunny,13.46,59.43,comfortable,light,3908,very_few
Gordontown,Universitalia,September,19,No,Thursday,sunny,23.37,60.05,comfortable,moderate,9030,some
Robertburgh,Universitalia,November,14,No,Wednesday,sunny,22,60.93,comfortable,strong,5325,some
Robertburgh,Universitalia,August,1,No,Wednesday,sunny,32.85,59.55,comfortable,light,5038,some
Gordontown,Universitalia,March,13,No,Wednesday,sunny,22.03,59.46,humid,moderate,6946,some
Robertburgh,Universitalia,February,11,No,Sunday,sunny,8.08,60.53,comfortable,light,2091,very_few
Gordontown,Universitalia,March,8,No,Friday,sunny,21.62,60.01,comfortable,strong,6413,some
Gordontown,Universitalia,May,10,No,Friday,sunny,21.88,59.35,comfortable,strong,7795,some
Robertburgh,Universitalia,December,30,No,Sunday,sunny,13.6,60.93,comfortable,light,3558,very_few
Gordontown,Universitalia,December,14,No,Saturday,sunny,12.89,60.3,comfortable,light,6699,some
Gordontown,Universitalia,December,15,No,Sunday,sunny,13.08,60.18,comfortable,light,5969,some
Gordontown,Universitalia,March,1,No,Friday,sunny,20.22,60.57,humid,moderate,5964,some
Robertburgh,Universitalia,December,2,No,Sunday,sunny,12.44,61.34,comfortable,calm,4706,very_few
Gordontown,Universitalia,October,14,No,Monday,sunny,20.15,61.39,comfortable,strong,7753,some
Robertburgh,Universitalia,July,16,No,Monday,sunny,27.57,61.3,comfortable,moderate,6860,some
Robertburgh,Universitalia,June,6,No,Wednesday,sunny,27.64,61.62,comfortable,light,5389,some
Gordontown,Universitalia,September,13,No,Friday,sunny,24.23,61.69,comfortable,calm,9262,some
Gordontown,Universitalia,November,11,No,Monday,sunny,16.54,61.16,comfortable,light,7993,some
Gordontown,Universitalia,October,5,No,Saturday,sunny,24.3,60.57,comfortable,light,9634,some
Gordontown,Universitalia,December,6,No,Friday,sunny,9.07,60.71,comfortable,light,6419,some
Robertburgh,Universitalia,January,4,No,Thursday,sunny,8.8,61.62,comfortable,light,1873,very_few
Gordontown,Universitalia,September,12,No,Thursday,sunny,24.48,61.94,comfortable,light,9351,some
Robertburgh,Universitalia,December,24,No,Monday,sunny,11.48,61.75,comfortable,light,1189,very_few
Gordontown,Universitalia,February,1,No,Friday,sunny,19.84,60.3,comfortable,light,5470,some
Robertburgh,Universitalia,March,18,No,Sunday,sunny,22.83,60.97,comfortable,moderate,3794,very_few
Gordontown,Universitalia,December,18,No,Wednesday,sunny,17.05,62.71,comfortable,moderate,6635,some
Robertburgh,Universitalia,July,7,No,Saturday,sunny,30.94,61.78,comfortable,light,5440,some
Gordontown,Universitalia,August,9,No,Friday,sunny,31.75,62.54,comfortable,light,8629,some
Gordontown,Universitalia,June,20,No,Thursday,sunny,31.19,62.5,comfortable,light,7372,some
Robertburgh,Universitalia,January,29,No,Monday,sunny,8.86,62.63,humid,light,1310,very_few
Gordontown,Universitalia,November,22,Yes,Friday,sunny,13.08,61.78,comfortable,calm,2810,very_few
Gordontown,Universitalia,August,18,No,Sunday,sunny,27.07,61.57,comfortable,light,9166,some
Gordontown,Universitalia,August,4,No,Sunday,sunny,33.06,62.86,comfortable,moderate,7950,some
Robertburgh,Universitalia,July,13,No,Friday,sunny,30.45,62.73,comfortable,light,5128,some
Gordontown,Universitalia,April,29,No,Monday,sunny,19.94,61.36,comfortable,light,7346,some
Gordontown,Universitalia,November,14,No,Thursday,sunny,12.22,62.12,comfortable,moderate,6564,some
Gordontown,Universitalia,November,16,No,Saturday,sunny,14.24,62.33,comfortable,light,6780,some
Gordontown,Universitalia,July,1,No,Monday,sunny,33.42,61.86,comfortable,light,6498,some
Gordontown,Universitalia,January,16,Yes,Wednesday,sunny,7,62.52,comfortable,moderate,2726,very_few
Robertburgh,Universitalia,December,12,No,Wednesday,sunny,9.34,63.17,comfortable,calm,3958,very_few
Gordontown,Universitalia,May,28,Yes,Tuesday,sunny,28.33,62.37,comfortable,moderate,7005,very_few
Robertburgh,Universitalia,October,25,No,Thursday,sunny,18.19,63.83,comfortable,light,5566,some
Robertburgh,Universitalia,August,31,No,Friday,sunny,27.34,62.13,comfortable,calm,5999,some
Gordontown,Universitalia,September,25,No,Wednesday,sunny,23.03,62.29,comfortable,moderate,8973,some
Gordontown,Universitalia,July,27,No,Saturday,sunny,31.37,63.52,comfortable,light,8149,some
Gordontown,Universitalia,February,23,No,Saturday,sunny,19.56,62.76,comfortable,light,6023,some
Robertburgh,Universitalia,August,17,No,Friday,sunny,29.86,63.26,comfortable,light,5567,some
Gordontown,Universitalia,August,21,No,Wednesday,sunny,26.15,62.84,comfortable,calm,8303,some
Robertburgh,Universitalia,July,17,No,Tuesday,sunny,28.46,63.96,comfortable,moderate,6153,some
Gordontown,Universitalia,November,29,No,Friday,sunny,12.65,63.09,comfortable,light,6356,some
Robertburgh,Universitalia,December,31,No,Monday,sunny,17.62,62.18,comfortable,moderate,2914,very_few
Robertburgh,Universitalia,October,20,No,Saturday,sunny,20.13,62.56,comfortable,strong,4989,very_few
Gordontown,Universitalia,July,18,No,Thursday,sunny,33.19,63.69,comfortable,light,6766,some
Robertburgh,Universitalia,August,28,No,Tuesday,sunny,29.38,63.41,comfortable,strong,5054,some
Gordontown,Universitalia,February,15,No,Friday,sunny,14.81,62.57,comfortable,light,4998,very_few
Gordontown,Universitalia,October,17,No,Thursday,sunny,18.32,64.83,comfortable,calm,8853,some
Robertburgh,Universitalia,July,9,No,Monday,sunny,29.74,64.33,comfortable,light,6206,some
Gordontown,Universitalia,September,26,No,Thursday,sunny,26.33,64.9,comfortable,moderate,9198,some
Gordontown,Universitalia,September,20,No,Friday,sunny,22.22,63.62,comfortable,light,9172,some
Gordontown,Universitalia,April,19,No,Friday,sunny,20.74,64.55,humid,calm,7798,some
Robertburgh,Universitalia,July,12,No,Thursday,sunny,33.16,64.24,comfortable,moderate,5038,some
Gordontown,Universitalia,July,8,No,Monday,sunny,33.09,63.36,comfortable,light,5491,some
Robertburgh,Universitalia,November,26,No,Monday,sunny,14.86,63.88,comfortable,calm,3547,very_few
Gordontown,Universitalia,July,16,No,Tuesday,sunny,31.4,64.48,comfortable,light,8079,some
Gordontown,Universitalia,October,6,No,Sunday,sunny,23.56,64,comfortable,moderate,9266,some
Robertburgh,Universitalia,April,18,No,Wednesday,sunny,20.49,63.5,comfortable,light,4039,very_few
Gordontown,Universitalia,May,13,No,Monday,sunny,25.58,63.66,comfortable,moderate,7121,some
Robertburgh,Universitalia,July,29,No,Sunday,sunny,34.95,64.08,comfortable,light,4539,very_few
Gordontown,Universitalia,June,10,No,Monday,sunny,29.9,63.12,comfortable,light,7708,some
Gordontown,Universitalia,April,21,No,Sunday,sunny,22.97,64.26,humid,strong,7688,some
Robertburgh,Universitalia,May,8,No,Tuesday,sunny,21.17,65.62,humid,calm,5057,some
Robertburgh,Universitalia,December,9,No,Sunday,sunny,11.12,65.37,humid,calm,4313,very_few
Robertburgh,Universitalia,October,17,No,Wednesday,sunny,21.93,65.22,humid,light,5407,some
Gordontown,Universitalia,November,30,No,Saturday,sunny,11.81,65.22,humid,calm,6770,some
Gordontown,Universitalia,June,14,No,Friday,sunny,26.83,65.49,humid,moderate,8717,some
Robertburgh,Universitalia,August,9,No,Thursday,sunny,31.73,64.83,humid,light,,some
Robertburgh,Universitalia,October,22,No,Monday,sunny,17.74,64.4,humid,calm,5013,some
Gordontown,Universitalia,August,31,No,Saturday,sunny,31.08,65.73,humid,light,8687,some
Gordontown,Universitalia,June,30,No,Sunday,sunny,31.38,66.58,humid,light,6692,some
Robertburgh,Universitalia,March,22,No,Thursday,sunny,18.73,65.96,humid,moderate,3193,very_few
Robertburgh,Universitalia,July,15,No,Sunday,sunny,26.78,65.54,humid,light,6515,some
Robertburgh,Universitalia,February,22,No,Thursday,sunny,7.4,65.97,comfortable,moderate,1734,very_few
Gordontown,Universitalia,October,24,No,Thursday,sunny,23.88,66.32,humid,calm,9163,some
Gordontown,Universitalia,June,7,No,Friday,sunny,24.16,66.5,humid,light,8890,some
Gordontown,Universitalia,April,16,Yes,Tuesday,sunny,26.94,66.65,comfortable,strong,7537,very_few
Robertburgh,Universitalia,November,8,No,Thursday,sunny,17.18,66.4,humid,calm,,very_few
Robertburgh,Universitalia,September,30,No,Sunday,sunny,22.52,67.27,humid,moderate,6160,some
Robertburgh,Universitalia,July,20,No,Friday,sunny,32.76,66.31,humid,light,5127,some
Gordontown,Universitalia,August,1,No,Thursday,sunny,29.63,66.23,humid,light,8992,some
Robertburgh,Universitalia,May,27,No,Sunday,sunny,27.05,68,humid,moderate,5520,some
Gordontown,Universitalia,July,11,No,Thursday,sunny,28.1,66.65,humid,light,8614,some
Gordontown,Universitalia,February,6,No,Wednesday,sunny,12.3,66.28,humid,light,4535,very_few
Gordontown,Universitalia,June,13,No,Thursday,sunny,26.63,67.92,humid,strong,8794,some
Robertburgh,Universitalia,December,18,No,Tuesday,sunny,10.74,66.08,humid,light,2905,very_few
Gordontown,Universitalia,March,15,No,Friday,sunny,22.48,66.29,comfortable,light,7336,some
Gordontown,Universitalia,May,29,No,Wednesday,sunny,29,66.46,humid,strong,6801,some
Gordontown,Universitalia,July,26,No,Friday,sunny,31.25,66.48,humid,strong,8128,some
Robertburgh,Universitalia,May,11,No,Friday,sunny,22,66.33,humid,light,4975,very_few
Robertburgh,Universitalia,December,19,No,Wednesday,sunny,10.27,68.72,humid,light,4062,very_few
Robertburgh,Universitalia,September,13,No,Thursday,sunny,27.35,68.29,humid,light,5640,some
Robertburgh,Universitalia,August,5,No,Sunday,sunny,29.56,68.02,humid,light,5741,some
Gordontown,Universitalia,November,21,No,Thursday,sunny,13.75,68.06,humid,calm,6124,some
Robertburgh,Universitalia,June,10,No,Sunday,sunny,31.23,67.35,humid,light,5425,some
Robertburgh,Universitalia,June,8,No,Friday,sunny,32.72,67.28,humid,light,5208,some
Robertburgh,Universitalia,June,7,No,Thursday,sunny,28.39,67.92,humid,light,5731,some
Robertburgh,Universitalia,July,5,No,Thursday,sunny,30.68,67.53,humid,light,5500,some
Robertburgh,Universitalia,July,28,No,Saturday,sunny,32.3,68.67,humid,light,5207,some
Gordontown,Universitalia,December,4,No,Wednesday,sunny,20.14,68.84,humid,light,7871,some
Gordontown,Universitalia,September,14,No,Saturday,sunny,25.24,68.82,humid,calm,9486,some
Robertburgh,Universitalia,May,26,No,Saturday,sunny,28.7,69.3,humid,moderate,5549,some
Robertburgh,Universitalia,December,13,No,Thursday,sunny,12.51,68.62,humid,light,4211,very_few
Robertburgh,Universitalia,January,27,No,Saturday,sunny,8.66,69.52,humid,light,505,very_few
Gordontown,Universitalia,July,31,No,Wednesday,sunny,29.57,68.08,humid,light,8557,some
Robertburgh,Universitalia,June,28,No,Thursday,sunny,31.52,69.16,humid,light,5511,some
Gordontown,Universitalia,August,30,No,Friday,sunny,28.08,69.26,humid,calm,9138,some
Robertburgh,Universitalia,July,19,No,Thursday,sunny,31.43,68.09,humid,light,5370,some
Gordontown,Universitalia,August,23,No,Friday,sunny,29.05,68.63,humid,calm,9178,some
Robertburgh,Universitalia,July,18,No,Wednesday,sunny,30.62,68.48,humid,moderate,5270,some
Robertburgh,Universitalia,October,5,No,Friday,sunny,21.69,69.84,humid,light,5737,some
Robertburgh,Universitalia,April,7,No,Saturday,sunny,17.67,68.7,humid,light,3702,very_few
Robertburgh,Universitalia,September,18,No,Tuesday,sunny,20.92,70.89,humid,light,4984,very_few
Robertburgh,Universitalia,November,2,No,Friday,sunny,14.79,70.45,humid,calm,4995,very_few
Gordontown,Universitalia,July,29,No,Monday,sunny,30.25,69.59,humid,light,7712,some
Robertburgh,Universitalia,August,20,No,Monday,sunny,28.06,69.43,humid,calm,6027,some
Gordontown,Universitalia,September,21,No,Saturday,sunny,25.19,69.34,humid,light,9664,some
Gordontown,Universitalia,August,2,No,Friday,sunny,30.32,69.9,humid,light,8609,some
Robertburgh,Universitalia,May,30,Yes,Wednesday,sunny,29.07,70.46,humid,light,4753,very_few
Gordontown,Universitalia,January,25,No,Friday,sunny,12.99,70.27,humid,light,5076,some
Gordontown,Universitalia,August,5,No,Monday,sunny,32.13,69.89,humid,strong,6389,some
Gordontown,Universitalia,September,22,No,Sunday,sunny,26.14,69.58,humid,strong,9812,some
Gordontown,Universitalia,August,15,No,Thursday,sunny,29.4,70.95,humid,light,8705,some
Robertburgh,Universitalia,September,10,No,Monday,sunny,26.51,71.88,humid,light,6249,some
Robertburgh,Universitalia,September,29,No,Saturday,sunny,24.88,71.96,humid,light,5746,some
Gordontown,Universitalia,November,10,No,Sunday,sunny,15.04,70.68,humid,calm,7621,some
Robertburgh,Universitalia,August,26,No,Sunday,sunny,29.62,71.21,humid,calm,5525,some
Robertburgh,Universitalia,June,11,No,Monday,sunny,30.89,71.08,humid,light,5798,some
Robertburgh,Universitalia,April,20,No,Friday,sunny,24.89,70.34,humid,moderate,4680,very_few
Gordontown,Universitalia,May,24,No,Friday,sunny,26.64,71.68,humid,light,8007,some
Robertburgh,Universitalia,September,14,No,Friday,sunny,28.46,72.95,humid,light,5681,some
Gordontown,Universitalia,July,23,No,Tuesday,sunny,29.2,71.82,humid,light,8258,some
Robertburgh,Universitalia,May,28,No,Monday,sunny,26.84,71.01,humid,moderate,5508,some
Gordontown,Universitalia,January,10,No,Thursday,sunny,13.64,71.26,humid,light,4296,very_few
Robertburgh,Universitalia,December,23,No,Sunday,sunny,14.69,71.4,humid,strong,2631,very_few
Robertburgh,Universitalia,January,30,No,Tuesday,sunny,9.52,72.61,humid,calm,1308,very_few
Gordontown,Universitalia,October,23,No,Wednesday,sunny,22.94,72.64,humid,calm,8875,some
Robertburgh,Universitalia,October,6,No,Saturday,sunny,20.66,71.12,humid,light,5643,some
Robertburgh,Universitalia,September,3,No,Monday,sunny,27.1,73.19,humid,light,5188,some
Robertburgh,Universitalia,July,25,No,Wednesday,sunny,30.81,73.92,humid,calm,4542,very_few
Gordontown,Universitalia,December,19,No,Thursday,sunny,13.33,73.91,humid,light,6282,some
Robertburgh,Universitalia,April,15,Yes,Sunday,sunny,18.72,72.76,humid,moderate,3693,very_few
Gordontown,Universitalia,July,30,No,Tuesday,sunny,30.56,72.86,humid,light,8431,some
Gordontown,Universitalia,May,16,No,Thursday,sunny,26.8,73.82,humid,light,8815,some
Gordontown,Universitalia,September,5,No,Thursday,sunny,30.99,73.08,humid,light,8461,some
Robertburgh,Universitalia,July,11,No,Wednesday,sunny,31.79,72.12,humid,strong,4842,very_few
Robertburgh,Universitalia,November,25,No,Sunday,sunny,14.45,72.37,humid,calm,3243,very_few
Gordontown,Universitalia,October,10,No,Thursday,sunny,21.9,73.36,humid,light,9157,some
Robertburgh,Universitalia,October,10,Yes,Wednesday,sunny,23.19,74.25,humid,calm,5987,very_few
Gordontown,Universitalia,August,27,No,Tuesday,sunny,29.39,74.14,humid,light,8208,some
Gordontown,Universitalia,April,20,No,Saturday,sunny,21.26,74.36,humid,light,8608,some
Robertburgh,Universitalia,May,22,No,Tuesday,sunny,24.3,73.63,humid,light,5426,some
Robertburgh,Universitalia,October,31,No,Wednesday,sunny,13.36,73.35,humid,light,4364,very_few
Gordontown,Universitalia,June,19,No,Wednesday,sunny,28.18,73.98,humid,light,8097,some
Robertburgh,Universitalia,August,15,No,Wednesday,sunny,27.32,75,humid,moderate,5139,some
Robertburgh,Universitalia,November,7,No,Wednesday,sunny,16.43,75.81,humid,calm,4801,very_few
Gordontown,Universitalia,May,25,No,Saturday,sunny,27.35,75.48,humid,light,7952,some
Robertburgh,Universitalia,November,1,No,Thursday,sunny,16.17,75.67,humid,light,4834,very_few
Robertburgh,Universitalia,September,12,No,Wednesday,sunny,25.46,74.02,humid,calm,5583,some
Gordontown,Universitalia,May,4,No,Saturday,sunny,25.09,75.44,humid,light,7437,some
Robertburgh,Universitalia,June,18,No,Monday,sunny,28.97,74.86,humid,light,5957,some
Robertburgh,Universitalia,December,25,No,Tuesday,sunny,11.73,74.43,humid,light,865,very_few
Gordontown,Universitalia,May,2,No,Thursday,sunny,23.96,76,humid,light,7330,some
Robertburgh,Universitalia,October,24,No,Wednesday,sunny,18.88,75.78,humid,light,4958,very_few
Gordontown,Universitalia,May,26,No,Sunday,sunny,27.24,75.84,humid,moderate,7569,some
Robertburgh,Universitalia,June,22,No,Friday,sunny,30.67,76.92,humid,light,5346,some
Robertburgh,Universitalia,October,8,No,Monday,sunny,21.98,76.42,humid,calm,6268,some
Gordontown,Universitalia,July,24,No,Wednesday,sunny,30.98,76.55,humid,moderate,8999,some
Gordontown,Universitalia,July,15,No,Monday,sunny,31.94,75.88,humid,light,7034,some
Gordontown,Universitalia,November,18,No,Monday,sunny,14.41,75.81,humid,moderate,5505,some
Robertburgh,Universitalia,November,3,No,Saturday,sunny,17.54,75.15,humid,light,4748,very_few
Robertburgh,Universitalia,February,27,No,Tuesday,sunny,14.01,76.09,humid,light,2819,very_few
Gordontown,Universitalia,August,22,No,Thursday,sunny,26.46,76.52,humid,calm,8748,some
Gordontown,Universitalia,January,1,Yes,Tuesday,sunny,14.59,77.1,humid,light,2687,very_few
Robertburgh,Universitalia,December,4,No,Tuesday,sunny,14.37,77.17,humid,calm,4127,very_few
Gordontown,Universitalia,March,22,No,Friday,sunny,23.74,78.15,humid,light,8126,some
Gordontown,Universitalia,May,27,No,Monday,sunny,27.68,77.51,humid,moderate,7574,some
Robertburgh,Universitalia,October,9,No,Tuesday,sunny,22.27,78.76,humid,calm,6374,some
Gordontown,Universitalia,August,14,No,Wednesday,sunny,30.83,78.69,humid,light,8023,some
Robertburgh,Universitalia,November,6,No,Tuesday,sunny,13.25,77.57,humid,calm,4286,very_few
Robertburgh,Universitalia,August,21,No,Tuesday,sunny,29.65,78.42,humid,moderate,4525,very_few
Robertburgh,Universitalia,October,23,No,Tuesday,sunny,17.06,78.41,humid,calm,5082,some
Robertburgh,Universitalia,October,7,No,Sunday,sunny,20.72,78.26,humid,calm,5887,some
Gordontown,Universitalia,September,7,No,Saturday,sunny,29.32,79.71,humid,light,8895,some
Robertburgh,Universitalia,November,27,No,Tuesday,sunny,18.69,79.16,humid,moderate,3600,very_few
Robertburgh,Universitalia,May,12,No,Saturday,sunny,22.38,79.11,humid,light,5774,some
Robertburgh,Universitalia,September,4,No,Tuesday,sunny,28.65,79.65,humid,moderate,5665,some
Gordontown,Universitalia,November,12,Yes,Tuesday,sunny,19.1,79.92,humid,light,7406,very_few
Robertburgh,Universitalia,May,25,No,Friday,sunny,27.46,79.17,humid,light,5897,some
Robertburgh,Universitalia,June,17,No,Sunday,sunny,26.25,80.85,humid,light,5724,some
Gordontown,Universitalia,September,4,No,Wednesday,sunny,30.92,81.31,humid,moderate,8149,some
Gordontown,Universitalia,March,19,No,Tuesday,sunny,21.51,81.02,humid,light,7289,some
Robertburgh,Universitalia,September,11,No,Tuesday,sunny,26.89,80.03,humid,light,5894,some
Robertburgh,Universitalia,November,9,No,Friday,sunny,16.14,80.11,humid,calm,4898,very_few
Robertburgh,Universitalia,October,4,No,Thursday,sunny,19.89,81.93,humid,moderate,5308,some
Robertburgh,Universitalia,July,6,No,Friday,sunny,29.06,81.79,humid,light,5470,some
Gordontown,Universitalia,September,3,Yes,Tuesday,sunny,28.46,81.98,humid,light,7035,very_few
Robertburgh,Universitalia,May,20,No,Sunday,sunny,22.24,82.68,humid,light,5807,some
Robertburgh,Universitalia,April,26,No,Thursday,sunny,26.42,81.7,humid,strong,5209,some
Robertburgh,Universitalia,November,28,No,Wednesday,sunny,21.61,81.7,humid,light,4619,very_few
Robertburgh,Universitalia,June,12,No,Tuesday,sunny,28.48,83.35,humid,light,5196,some
Robertburgh,Universitalia,February,7,No,Wednesday,sunny,11.8,83.45,humid,calm,2043,very_few
Robertburgh,Universitalia,August,7,No,Tuesday,sunny,29.47,83.36,humid,moderate,4425,very_few
Robertburgh,Universitalia,April,25,No,Wednesday,sunny,25.39,84.93,humid,light,4810,very_few
Gordontown,Universitalia,December,3,No,Tuesday,sunny,19.73,85.94,humid,calm,7421,some
Robertburgh,Universitalia,May,16,No,Wednesday,sunny,24.19,85.07,humid,light,4682,very_few
Robertburgh,Universitalia,May,29,No,Tuesday,sunny,27.38,87.42,humid,moderate,5511,some
Gordontown,Universitalia,March,20,No,Wednesday,sunny,22.59,86.37,humid,light,7208,some
Gordontown,Universitalia,January,24,No,Thursday,sunny,13.69,89.93,humid,light,5171,some
robertburgh,Universitalia,August,24,No,Friday,,,64.1,humid,moderate,6063,some
Gordontown,Universitalia,June,17,No,Monday,,24.55,,humid,light,,some
Gordontown,Universitalia,September,16,No,Monday,,24.44,66.77,humid,calm,8583,some
